{
  "meta": {
    "created_at": "2023-05-23-09-14-05",
    "release": "2021-MASTER-ar2776-c21ew_metadata-v1-4_cantab_20230512-53",
    "additional_content_jsons": [
      {
        "devContentJsonUrl": "release-0.json",
        "webContentJsonUrl": "https://www.ons.gov.uk/visualisations/censusatlasdryrun/release-0.json",
        "publishingContentJsonUrl": "https://publishing.dp-prod.aws.onsdigital.uk/visualisations/censusatlasdryrun/release-0.json"
      }
    ]
  },
  "content": [
    {
      "name": "Population",
      "slug": "population",
      "desc": "People, their living arrangements and where they come from.",
      "variables": [
        {
          "name": "Household composition",
          "code": "hh_family_composition",
          "slug": "household-composition",
          "desc": "Households according to the relationships between members.",
          "long_desc": "Households according to the relationships between members. \n\nOne-family households are classified by:\n\n* the number of dependent children \n* family type (married, civil partnership or cohabiting couple family, or lone parent family) \n\nOther households are classified by:\n\n* the number of people \n* the number of dependent children \n* whether the household consists only of students or only of people aged 66 and over",
          "units": "households",
          "topic_code": "DEM",
          "base_url_2021": "https://ons-dp-prod-census-maps-dem-mig.s3.eu-west-2.amazonaws.com",
          "base_url_2011_2021_comparison": "https://ons-dp-prod-census-maps-comparison-2011.s3.eu-west-2.amazonaws.com",
          "base_url_dot_density": "https://onsvisual.github.io/dot-density-data/output/data",
          "classifications": [
            {
              "code": "hh_family_composition_4a",
              "slug": "hh-family-composition-4a",
              "desc": "Household composition (4 categories)",
              "available_geotypes": [
                "oa",
                "msoa",
                "lad"
              ],
              "choropleth_default": true,
              "dot_density_default": true,
              "comparison_2011_data_available_geotypes": [
                "oa",
                "msoa",
                "lad"
              ],
              "data_download": "https://www.ons.gov.uk/datasets/TS003/editions/2021",
              "change_data_download": "https://www.ons.gov.uk/peoplepopulationandcommunity/populationandmigration/populationestimates/articles/censuschangeovertimedataenglandandwales/2011to2021",
              "categories": [
                {
                  "name": "Other household types",
                  "slug": "other-household-types",
                  "code": "hh_family_composition_4a-001",
                  "legend_str_1": "of households in {location}",
                  "legend_str_2": "are",
                  "legend_str_3": "other household types"
                },
                {
                  "name": "One-person household",
                  "slug": "one-person-household",
                  "code": "hh_family_composition_4a-002",
                  "legend_str_1": "of households in {location}",
                  "legend_str_2": "are",
                  "legend_str_3": "one-person households"
                },
                {
                  "name": "Single family household",
                  "slug": "single-family-household",
                  "code": "hh_family_composition_4a-003",
                  "legend_str_1": "of households in {location}",
                  "legend_str_2": "are",
                  "legend_str_3": "single-family households"
                }
              ]
            }
          ]
        }
      ]
    }
  ]
}